match_id,shots_on_target,possession_pct,pass_accuracy,fouls,home_game,won_match,red_card
1,4,46.3,90.5,10,1,1,0
2,3,55.2,80.2,15,0,0,0
3,2,44.8,87.3,11,1,0,1
4,7,50.5,83.5,8,1,1,0
5,5,59.9,89.5,7,1,1,0
6,3,54.3,84.0,17,0,1,1
7,4,46.2,86.8,12,1,0,1
8,4,45.1,78.1,10,0,1,1
9,6,54.0,76.8,13,1,1,0
10,2,64.7,73.5,9,1,1,0
11,1,50.3,77.9,10,1,0,0
12,4,53.3,76.3,10,0,0,0
13,6,38.0,80.3,13,1,0,1
14,2,61.1,82.6,14,1,1,0
15,2,40.9,87.0,18,1,0,0
16,4,61.5,82.1,18,1,0,1
17,2,44.7,77.3,13,1,0,0
18,6,30.0,78.1,10,0,0,0
19,7,43.2,76.4,16,1,1,0
20,8,51.2,89.0,12,1,1,0
21,9,41.6,78.7,10,1,1,0
22,3,51.7,73.1,12,1,1,0
23,6,59.6,79.3,11,1,1,0
24,6,45.6,89.2,14,0,0,0
25,6,37.4,85.2,12,0,0,0
26,5,59.4,86.1,10,0,1,0
27,9,57.7,83.8,5,0,0,0
28,6,44.3,77.1,9,1,1,0
29,5,55.7,80.8,8,1,1,0
30,6,65.3,80.1,9,1,1,0
31,7,39.2,80.3,8,1,1,0
32,4,51.5,78.1,8,0,1,0
33,6,64.7,78.5,6,1,1,0
34,7,28.4,74.8,15,0,1,1
35,7,45.1,76.4,16,1,1,1
36,6,53.2,82.7,11,0,1,0
37,9,46.8,84.5,8,1,1,0
38,7,40.0,84.8,14,1,0,0
39,4,63.3,81.0,11,1,1,0
40,4,47.9,79.7,7,1,1,0
41,10,29.4,73.7,8,0,1,0
42,6,50.9,77.3,14,0,0,0
43,8,52.1,78.7,13,1,0,0
44,2,55.9,78.1,13,0,1,0
45,9,46.1,78.1,11,0,0,0
46,5,65.2,80.6,10,0,1,0
47,2,31.9,81.9,12,1,0,0
48,3,36.3,84.2,12,1,0,0
49,3,40.8,87.5,18,1,1,0
50,7,55.5,81.9,10,1,1,0
51,7,60.7,90.6,9,0,1,0
52,10,42.1,80.3,10,1,1,0
53,7,49.8,86.0,14,1,1,0
54,3,43.8,89.5,12,1,0,0
55,3,53.3,72.9,6,1,1,0
56,6,56.3,82.9,11,0,0,0
57,11,44.4,75.9,8,1,1,0
58,7,25.0,78.7,8,1,1,0
59,5,53.1,84.3,15,1,1,1
60,3,52.3,77.6,14,1,0,0
61,6,56.8,84.7,15,1,1,0
62,1,57.6,87.5,9,1,0,0
63,6,38.2,81.5,5,0,1,0
64,3,43.1,84.1,18,0,1,0
65,5,45.7,90.6,15,1,1,0
66,2,49.9,71.1,8,0,0,0
67,5,55.0,78.3,13,0,0,0
68,4,54.6,77.3,14,0,0,0
69,6,52.2,84.3,9,1,1,0
70,4,57.7,90.9,17,0,0,1
71,7,48.0,85.4,10,0,1,0
72,4,55.3,76.1,4,1,1,0
73,7,45.2,79.3,9,0,0,0
74,8,44.2,70.9,9,1,1,0
75,6,52.7,84.8,5,0,1,0
76,6,55.3,65.5,4,0,1,0
77,7,45.3,83.2,6,1,1,0
78,6,52.0,79.1,13,0,1,0
79,3,45.1,79.7,15,1,0,1
80,3,43.7,81.0,8,0,0,0
81,8,45.5,83.4,11,1,1,1
82,8,37.4,78.7,10,0,1,0
83,3,39.8,87.1,10,0,0,0
84,4,54.2,78.8,12,1,1,0
85,4,59.1,86.0,7,1,1,0
86,0,44.3,71.5,10,0,0,0
87,4,53.4,82.0,11,0,1,0
88,4,51.5,76.5,3,1,1,0
89,5,39.3,85.9,11,1,0,0
90,4,44.4,92.3,12,0,1,0
91,3,47.6,83.0,12,0,0,0
92,2,54.1,76.2,13,0,1,0
93,6,47.5,77.3,11,1,0,0
94,3,58.0,80.5,11,1,0,0
95,4,60.9,85.7,9,1,0,0
96,10,51.9,80.2,7,0,1,0
97,5,43.2,85.5,10,0,0,0
98,4,54.4,79.2,8,0,1,0
99,5,56.0,77.5,17,0,1,1
100,4,53.9,73.8,14,1,0,0
101,6,55.1,70.2,10,1,1,0
102,5,62.7,79.3,10,1,1,0
103,4,45.5,82.8,12,0,0,0
104,2,42.8,76.3,19,1,0,0
105,7,54.4,80.1,12,0,1,0
106,4,55.8,79.5,15,0,1,0
107,2,58.4,74.8,5,1,0,0
108,4,49.4,81.3,12,1,0,0
109,3,52.9,86.5,9,0,0,0
110,2,51.9,73.3,11,1,0,0
111,4,47.4,75.5,6,0,1,0
112,2,32.2,81.7,16,0,0,0
113,6,56.4,81.8,9,1,1,0
114,13,61.2,75.6,9,0,1,0
115,4,57.0,91.6,11,1,1,0
116,3,37.0,82.7,6,1,0,0
117,3,49.0,75.2,5,0,0,0
118,4,59.2,89.6,9,1,0,0
119,4,44.9,72.8,6,0,0,0
120,7,68.3,83.6,9,1,0,0
121,6,35.7,78.9,13,0,1,0
122,8,52.7,77.1,17,0,1,0
123,4,47.0,79.9,8,0,1,0
124,6,34.9,73.7,8,0,1,0
125,3,54.0,77.6,11,0,0,1
126,10,42.4,77.3,9,0,1,0
127,3,44.6,75.8,2,1,0,0
128,4,52.7,77.5,15,1,1,0
129,5,59.3,85.3,9,1,1,0
130,2,47.1,84.0,10,0,0,0
131,2,46.8,76.9,10,0,0,0
132,4,59.5,84.7,8,0,0,0
133,5,49.8,74.8,14,0,0,0
134,10,61.2,79.4,9,1,1,0
135,5,48.7,71.8,8,1,0,0
136,3,38.4,85.5,11,0,0,0
137,6,61.8,71.6,6,0,1,0
138,1,59.2,86.8,17,0,0,0
139,1,58.8,81.9,14,0,0,0
140,6,40.5,75.0,3,1,1,0
141,12,42.3,83.7,9,0,1,1
142,7,50.6,90.9,8,0,1,0
143,3,60.3,89.7,11,1,1,0
144,4,40.5,77.8,11,1,0,0
145,4,45.4,76.5,12,0,0,0
146,3,57.9,95.0,11,1,1,0
147,2,45.9,78.6,11,0,0,0
148,5,56.1,88.6,7,0,1,0
149,8,54.9,79.0,14,1,1,0
150,8,50.3,78.8,6,1,1,0
151,6,48.9,84.7,6,0,1,0
152,9,39.1,81.2,14,1,1,0
153,5,59.5,78.3,8,1,1,0
154,4,55.0,70.5,10,1,1,0
155,3,51.8,78.3,17,0,0,0
156,3,61.0,79.7,13,0,1,0
157,2,43.5,81.6,14,1,0,1
158,6,47.6,80.5,10,1,1,0
159,4,46.3,83.9,13,1,0,0
160,5,38.8,77.1,13,1,1,0
161,7,37.3,69.6,12,0,0,1
162,6,37.4,88.3,11,1,0,0
163,0,61.7,78.8,13,0,0,0
164,4,51.5,85.8,13,1,1,0
165,1,42.1,77.0,8,0,0,0
166,7,46.8,74.2,11,1,1,0
167,6,54.4,77.5,11,0,1,0
168,5,54.3,88.4,10,1,1,0
169,4,42.8,72.8,15,1,0,0
170,4,47.4,79.0,12,0,0,0
171,3,59.0,73.0,6,1,0,0
172,4,50.7,76.8,8,0,1,0
173,4,55.1,78.7,15,1,1,0
174,7,43.0,74.6,15,1,1,1
175,8,52.2,82.7,10,1,1,0
176,5,46.8,77.7,19,1,1,0
177,7,59.4,81.5,9,1,1,0
178,2,35.3,70.9,11,0,0,0
179,6,61.5,85.5,11,0,0,0
180,3,51.0,81.5,14,1,1,0
181,1,50.8,85.6,16,0,0,0
182,4,46.3,82.2,12,1,1,0
183,4,57.2,76.8,13,1,1,0
184,10,51.6,82.8,9,0,1,0
185,8,61.6,85.6,8,1,1,0
186,7,57.6,79.2,13,0,1,0
187,7,48.9,90.7,11,1,1,0
188,5,50.2,82.3,12,1,0,0
189,4,51.6,82.6,20,0,1,1
190,3,50.6,75.9,13,0,0,0
191,2,47.1,80.0,11,1,0,0
192,3,58.9,82.0,14,0,1,1
193,8,42.8,79.0,11,0,1,0
194,9,50.9,78.1,16,1,1,0
195,4,56.8,84.2,11,1,1,0
196,5,50.9,81.2,16,1,1,0
197,5,49.3,79.1,9,0,0,0
198,5,43.7,74.0,12,1,0,0
199,2,48.3,71.9,17,1,0,0
200,6,43.1,82.7,6,0,0,0
201,3,58.6,76.8,11,1,0,0
202,1,40.9,80.1,10,1,1,0
203,3,51.7,82.5,13,1,1,1
204,4,49.8,72.8,7,0,0,0
205,4,40.9,84.6,8,1,1,0
206,7,40.3,80.6,6,0,1,0
207,3,59.6,80.1,12,0,1,0
208,3,42.1,77.6,11,0,0,0
209,4,49.9,76.2,13,1,1,0
210,6,56.8,76.0,9,1,1,0
211,2,44.8,82.8,15,1,0,0
212,6,39.3,83.3,16,0,0,1
213,2,68.0,90.0,15,1,0,0
214,6,41.7,78.9,7,0,1,0
215,4,42.2,85.9,7,0,0,0
216,4,51.9,71.3,9,0,0,0
217,6,47.8,74.7,13,1,1,0
218,4,72.0,68.4,10,1,1,0
219,2,57.4,77.9,11,1,0,0
220,4,41.2,79.9,15,1,1,0
221,4,45.0,79.4,9,1,0,0
222,3,41.5,74.0,14,1,0,0
223,7,49.8,76.7,10,1,1,0
224,4,47.9,82.1,10,1,0,0
225,7,60.8,82.4,18,0,1,0
226,6,49.4,76.3,10,1,1,0
227,3,45.8,79.9,9,1,1,0
228,11,41.7,78.5,11,1,1,0
229,5,47.5,81.9,11,0,1,1
230,9,49.2,88.4,14,0,1,0
231,3,56.8,76.3,10,1,0,0
232,1,51.9,84.8,10,1,1,0
233,10,50.5,78.5,15,0,1,1
234,5,40.1,84.5,7,1,0,0
235,9,50.1,72.2,10,1,1,0
236,7,54.5,82.5,13,1,1,0
237,8,50.4,63.1,3,1,1,0
238,6,43.1,77.5,14,1,0,0
239,5,41.2,75.8,14,1,1,0
240,9,61.9,76.9,11,0,1,1
241,5,52.5,79.9,9,0,1,0
242,3,43.8,74.9,15,1,0,1
243,9,50.2,75.6,10,1,1,0
244,2,56.3,79.9,12,0,0,0
245,6,57.4,76.1,14,0,1,0
246,5,60.8,77.5,15,0,1,0
247,1,61.2,82.4,16,1,0,0
248,6,48.9,84.4,12,1,0,0
249,7,52.1,86.9,7,1,1,0
250,2,59.3,75.7,10,0,0,0
251,5,49.0,71.9,11,1,0,1
252,3,57.6,78.1,5,0,0,0
253,7,47.4,80.2,16,0,0,0
254,4,51.1,76.8,9,1,1,0
255,3,53.1,87.2,12,1,1,0
256,4,57.6,74.7,15,0,0,0
257,5,58.0,76.0,17,0,1,1
258,8,37.9,85.5,10,0,1,0
259,6,44.9,80.3,15,1,0,0
260,6,30.7,78.2,12,0,0,0
261,3,49.8,87.0,8,1,1,0
262,5,44.2,75.2,14,0,0,0
263,7,53.4,84.1,14,0,1,0
264,6,46.9,85.2,8,0,0,0
265,2,50.9,85.2,10,1,1,0
266,6,54.6,79.8,11,0,1,0
267,2,48.2,85.6,12,0,0,0
268,5,40.0,71.7,16,1,1,0
269,6,60.5,78.7,14,1,1,0
270,8,48.6,74.3,8,1,1,0
271,3,60.5,69.8,8,0,0,0
272,5,53.0,83.5,13,1,0,0
273,4,53.6,81.6,11,0,0,0
274,9,45.9,82.6,13,0,0,0
275,4,49.5,79.4,10,0,0,0
276,5,61.6,86.4,8,1,1,0
277,4,37.3,80.4,13,1,0,0
278,6,49.9,82.6,14,0,1,1
279,7,47.7,75.3,8,0,0,0
280,4,57.9,78.4,10,0,0,1
281,3,51.3,81.5,10,0,1,0
282,5,56.1,90.6,9,0,1,0
283,6,49.5,81.7,13,0,1,0
284,4,41.2,79.3,7,0,0,0
285,5,44.3,78.9,5,1,0,0
286,3,54.2,79.7,13,0,0,1
287,6,51.2,92.2,12,1,1,0
288,8,52.1,83.4,16,0,1,0
289,4,33.1,75.5,13,1,0,0
290,4,57.3,80.3,7,0,0,0
291,5,54.0,82.8,11,0,1,1
292,1,63.4,77.7,8,1,0,0
293,4,50.7,63.1,12,0,1,0
294,6,46.1,93.2,8,1,0,0
295,1,42.2,70.7,8,0,0,0
296,4,31.1,79.7,12,1,1,0
297,6,50.4,79.3,20,1,1,0
298,8,66.6,76.6,12,0,1,0
299,6,49.9,92.8,10,1,1,0
300,1,51.2,86.1,13,1,1,0
301,3,43.8,76.0,10,1,0,0
302,1,59.1,67.6,15,1,0,0
303,4,39.3,76.1,16,0,1,0
304,3,59.1,83.4,8,0,0,0
305,4,65.1,76.1,8,1,0,0
306,3,42.7,76.5,8,1,1,0
307,1,47.7,75.8,10,0,0,0
308,3,60.3,76.9,8,1,1,0
309,12,53.8,82.0,11,0,1,0
310,4,58.8,88.5,9,0,1,0
311,4,56.9,86.0,14,0,1,1
312,6,59.2,68.3,18,1,1,0
313,2,44.6,75.9,18,0,0,1
314,7,41.2,74.0,13,1,1,0
315,4,45.6,78.6,13,1,1,0
316,6,43.9,95.0,15,0,0,0
317,6,46.3,74.6,18,1,1,0
318,7,43.7,76.2,11,1,1,0
319,13,47.9,88.3,10,1,1,0
320,2,68.5,72.2,11,0,0,0
321,5,51.3,67.9,10,1,0,0
322,4,44.2,77.8,6,0,1,0
323,6,48.9,70.5,12,1,1,0
324,3,38.8,72.0,9,1,0,0
325,9,53.3,68.9,12,1,1,0
326,7,58.0,88.4,9,0,1,0
327,7,50.7,76.3,10,0,0,0
328,2,57.9,85.3,10,1,0,0
329,3,49.0,77.7,12,1,1,0
330,5,68.6,77.8,7,0,1,0
331,6,41.7,74.1,13,0,1,1
332,8,59.7,81.9,10,1,1,0
333,9,61.8,82.1,10,1,1,0
334,2,59.5,89.5,12,0,0,0
335,3,51.5,83.1,14,1,0,0
336,5,48.8,79.7,5,0,1,0
337,3,54.1,70.9,12,0,0,0
338,5,33.4,82.2,9,0,1,0
339,6,63.3,77.9,15,0,0,1
340,5,63.6,84.9,7,1,1,0
341,6,56.0,83.9,12,0,1,0
342,4,37.3,78.1,6,1,0,0
343,1,51.2,75.0,12,0,1,0
344,4,52.9,74.4,9,0,0,0
345,6,64.2,75.1,10,1,1,0
346,4,50.0,80.1,7,0,1,0
347,8,41.5,79.6,9,0,1,0
348,3,49.8,77.1,10,1,0,0
349,2,42.3,79.6,12,1,0,0
350,2,58.8,84.8,12,1,0,0
351,5,37.6,77.7,7,0,0,0
352,9,62.7,77.8,17,0,1,0
353,5,44.0,95.0,9,0,1,0
354,7,41.8,79.7,7,1,0,0
355,5,40.2,70.8,9,0,0,0
356,1,51.6,93.6,9,0,0,0
357,4,57.0,82.5,12,0,1,0
358,6,60.4,70.4,10,1,0,0
359,5,49.6,85.4,4,0,1,0
360,3,30.5,77.9,2,1,0,0
361,4,61.1,89.1,20,1,1,0
362,5,57.0,78.9,8,1,1,0
363,4,55.9,81.0,9,1,0,0
364,3,44.6,91.3,22,0,0,1
365,6,33.6,82.1,14,0,1,0
366,4,67.0,75.1,12,1,1,0
367,4,48.2,85.3,9,1,1,0
368,3,49.3,82.5,15,1,0,0
369,7,62.6,75.5,14,0,0,0
370,3,60.4,80.2,10,1,0,0
371,4,55.5,78.1,9,0,1,0
372,3,41.6,77.1,7,1,1,0
373,3,55.1,85.0,2,0,0,0
374,10,48.3,79.2,15,0,1,0
375,4,44.5,74.1,7,0,0,0
376,6,56.9,79.9,10,1,1,0
377,10,58.0,90.3,9,1,1,0
378,8,50.5,85.8,8,1,0,0
379,8,42.5,83.2,8,1,1,0
380,8,44.5,76.8,11,1,1,0
381,4,64.7,82.8,7,0,1,0
382,5,54.9,81.6,7,1,1,0
383,4,45.5,84.6,4,1,1,0
384,5,58.5,79.2,12,0,1,0
385,3,55.1,82.9,8,0,1,0
386,3,49.4,87.7,7,0,1,0
387,3,51.1,83.5,16,0,1,0
388,12,52.7,79.9,6,0,1,0
389,4,63.8,76.7,14,1,1,0
390,7,72.6,79.9,5,1,0,0
391,3,63.7,83.3,15,0,1,0
392,10,47.4,78.8,3,0,1,0
393,5,42.2,83.4,8,0,1,0
394,11,47.1,87.0,7,1,1,0
395,6,40.6,83.7,10,1,1,0
396,6,52.7,78.5,11,1,1,0
397,8,54.3,84.9,15,0,0,1
398,5,44.3,77.6,11,1,0,0
399,7,60.2,78.8,9,0,1,0
400,6,53.0,74.6,8,0,1,0
401,6,55.2,82.9,12,0,0,0
402,5,49.3,84.6,15,0,1,0
403,7,51.2,86.3,9,1,1,0
404,4,42.6,79.1,13,0,1,0
405,4,68.3,79.2,14,0,1,1
406,4,32.2,89.4,5,1,0,0
407,6,56.7,85.7,11,0,0,0
408,8,51.0,71.3,7,1,1,0
409,11,55.7,83.5,20,1,1,1
410,4,56.3,78.1,3,1,1,0
411,3,52.9,77.9,13,1,0,0
412,5,44.8,72.9,11,0,0,0
413,3,57.2,74.2,16,1,0,0
414,2,59.6,88.4,18,1,1,0
415,4,53.2,78.8,9,1,0,0
416,3,45.0,85.8,11,0,0,0
417,5,49.4,86.2,13,1,1,0
418,4,53.8,77.4,10,1,1,0
419,7,59.6,81.8,8,1,1,0
420,4,48.2,80.9,11,0,0,0
421,7,49.7,88.5,11,1,1,0
422,8,43.4,72.6,9,1,1,0
423,5,53.8,76.6,16,1,1,1
424,6,38.7,84.7,18,0,1,1
425,5,54.3,72.6,12,0,0,0
426,6,46.5,80.6,10,0,0,0
427,8,66.8,72.5,6,0,1,0
428,6,41.5,78.2,10,1,1,0
429,7,47.6,84.7,8,0,0,0
430,5,39.5,82.6,11,1,0,0
431,4,25.2,89.6,13,0,0,0
432,8,61.4,82.3,10,1,1,0
433,9,41.4,80.9,15,0,0,0
434,3,53.5,63.9,14,1,1,1
435,7,62.4,76.2,13,0,1,0
436,7,46.5,85.4,7,1,1,0
437,13,45.6,80.1,7,1,1,0
438,5,52.6,89.6,15,1,1,0
439,2,54.3,80.0,11,1,0,0
440,5,70.7,93.2,9,0,0,0
441,7,61.9,86.0,10,0,1,0
442,3,63.6,78.2,12,0,1,0
443,7,43.6,74.9,7,0,1,0
444,5,54.3,90.1,10,0,1,0
445,8,54.1,78.0,16,0,0,0
446,8,49.7,75.7,10,1,1,0
447,3,55.0,90.0,10,1,0,0
448,4,39.5,82.2,12,0,0,0
449,2,51.2,82.3,9,1,1,0
450,2,59.3,86.1,11,1,0,0
451,8,57.8,80.5,9,1,1,0
452,5,56.6,84.9,6,0,1,0
453,6,41.3,86.3,4,1,1,0
454,3,51.3,79.9,11,1,0,0
455,2,64.6,84.9,11,0,0,0
456,5,33.4,70.6,10,1,1,0
457,4,33.0,79.8,16,1,1,0
458,5,58.1,82.4,18,0,1,0
459,4,73.7,77.8,7,0,0,0
460,4,46.7,86.6,12,0,0,0
461,3,52.2,78.7,10,0,0,0
462,7,56.4,67.7,16,1,1,0
463,2,53.4,83.5,7,0,0,0
464,7,43.1,80.1,13,1,1,0
465,9,66.4,84.4,11,1,1,0
466,8,39.0,80.0,14,0,1,0
467,5,43.5,75.4,7,0,1,0
468,7,49.0,83.6,7,1,0,0
469,2,67.6,77.7,14,0,1,0
470,6,48.2,74.6,9,1,1,0
471,4,51.8,73.9,16,0,0,0
472,3,59.3,75.3,17,0,0,0
473,2,35.2,90.9,9,1,0,0
474,10,67.7,77.5,10,1,1,0
475,7,47.4,79.2,12,1,1,0
476,3,56.5,71.9,9,0,1,0
477,8,53.6,66.0,12,1,0,0
478,9,63.6,87.0,9,0,0,0
479,5,65.2,84.7,12,1,0,0
480,7,57.6,86.3,12,0,0,0
481,10,56.8,78.1,12,0,1,0
482,3,25.0,78.2,8,1,0,0
483,4,41.8,87.2,6,0,0,0
484,8,58.7,81.2,4,1,1,0
485,3,43.8,81.1,11,0,1,0
486,3,44.6,86.5,9,1,1,1
487,4,56.5,87.8,12,1,1,0
488,7,45.3,80.2,5,0,1,0
489,8,36.9,70.9,8,0,1,0
490,3,36.4,81.5,10,1,0,0
491,2,48.6,75.9,9,1,0,0
492,5,56.6,70.1,13,0,0,0
493,3,36.9,91.2,12,0,0,0
494,3,58.7,69.7,13,1,1,0
495,3,33.5,94.6,15,1,1,1
496,7,58.7,79.5,11,1,1,0
497,5,42.7,71.5,13,0,1,0
498,5,45.0,84.6,8,0,0,1
499,5,55.6,72.7,17,1,1,1
500,7,33.2,78.3,8,0,0,0
501,6,59.2,67.8,20,1,1,0
502,8,46.0,83.9,15,0,1,0
503,3,57.5,78.4,11,0,1,0
504,5,62.6,73.9,11,1,1,0
505,6,69.4,78.7,13,0,1,0
506,7,49.6,84.3,13,0,1,0
507,2,54.8,85.1,7,0,0,0
508,4,56.4,84.3,16,1,1,0
509,2,67.7,95.0,10,0,1,0
510,5,69.0,75.2,12,1,1,0
511,4,48.2,85.7,10,0,0,0
512,4,43.3,87.4,10,0,1,0
513,5,43.7,82.2,12,0,0,0
514,3,46.3,79.1,12,1,0,0
515,4,50.3,85.2,22,1,0,1
516,4,51.9,79.9,13,1,1,0
517,6,42.5,67.8,11,0,1,0
518,2,48.4,80.3,12,1,1,0
519,6,56.2,79.8,11,1,0,0
520,10,54.2,77.4,16,1,0,0
521,3,27.8,80.1,11,0,0,0
522,2,52.2,93.7,14,1,0,0
523,5,42.8,69.1,13,1,0,0
524,5,49.1,74.7,7,0,1,0
525,2,51.2,67.7,13,0,0,0
526,5,43.0,83.5,10,1,1,0
527,6,53.9,82.5,14,1,1,0
528,3,53.4,90.0,9,1,1,0
529,4,44.3,85.4,14,0,0,1
530,2,64.4,86.7,11,1,1,0
531,16,45.5,80.0,8,1,1,0
532,3,51.0,80.4,13,1,0,0
533,8,45.3,89.8,11,0,0,1
534,3,59.1,89.4,14,1,1,1
535,3,36.9,91.9,6,1,0,0
536,5,51.0,67.8,11,0,0,0
537,9,56.8,88.3,13,0,1,0
538,7,48.4,84.9,6,0,1,0
539,7,55.6,90.7,17,0,0,0
540,4,62.1,87.2,11,0,1,0
541,8,43.3,88.2,9,1,1,0
542,2,45.3,74.3,8,0,0,0
543,5,45.5,86.1,11,0,1,0
544,4,43.2,78.4,20,0,0,1
545,0,44.3,79.6,9,1,0,0
546,1,47.4,77.3,10,1,0,1
547,6,63.3,73.4,15,1,1,0
548,6,45.2,83.2,4,0,0,0
549,6,44.7,86.0,11,1,1,0
550,3,50.4,69.9,8,0,1,0
551,6,57.0,79.9,12,1,0,0
552,8,43.6,77.1,8,0,1,0
553,3,42.1,82.1,19,0,0,0
554,9,48.7,70.3,11,0,1,0
555,9,53.3,91.3,12,0,0,0
556,3,40.6,77.3,8,1,0,0
557,3,53.8,86.1,10,1,1,0
558,4,39.3,83.6,10,0,0,0
559,4,55.5,73.5,15,0,0,0
560,3,54.8,76.2,8,0,1,0
561,6,47.9,86.1,13,0,1,0
562,4,66.8,78.4,4,1,1,0
563,8,48.8,79.7,12,1,1,1
564,6,38.4,78.5,15,1,0,1
565,5,54.3,71.5,15,0,0,0
566,2,53.1,80.2,8,1,0,0
567,6,48.5,82.7,11,0,1,0
568,3,32.9,72.4,9,1,0,0
569,4,46.0,88.6,14,0,0,0
570,7,54.1,95.0,8,1,1,0
571,6,43.1,69.3,13,0,0,0
572,3,44.5,81.4,11,0,0,0
573,5,59.8,68.9,11,0,0,0
574,5,41.2,79.8,16,0,1,1
575,4,54.1,67.1,9,0,0,0
576,3,57.3,76.2,9,0,0,0
577,6,49.6,84.8,12,0,1,0
578,8,47.2,69.9,7,0,0,0
579,7,69.6,83.7,12,1,1,0
580,4,39.2,76.2,10,0,0,0
581,2,42.5,80.0,21,1,0,1
582,1,48.1,76.1,10,0,1,0
583,4,45.3,76.4,9,1,0,0
584,5,53.7,83.2,10,1,0,0
585,5,35.7,83.1,13,1,1,0
586,6,54.7,87.2,14,1,0,0
587,3,75.0,85.5,12,1,0,0
588,7,59.0,85.8,10,0,0,0
589,3,59.3,78.9,12,0,0,0
590,5,40.2,77.4,11,0,1,0
591,4,46.1,85.3,9,1,1,0
592,3,42.9,83.5,13,0,1,0
593,3,36.1,85.9,14,0,1,0
594,5,58.5,83.8,10,1,1,0
595,4,30.8,82.8,13,1,0,0
596,8,50.3,82.6,8,0,1,0
597,3,50.8,80.0,8,0,0,0
598,6,59.8,81.7,13,0,1,0
599,2,50.2,84.8,9,0,0,0
600,3,55.5,79.7,8,1,0,0
601,3,46.1,73.9,13,1,0,0
602,5,39.4,81.0,8,1,1,0
603,8,52.4,84.0,11,1,1,0
604,1,42.8,79.3,11,0,0,0
605,5,50.1,79.6,12,1,1,1
606,10,50.4,66.2,14,1,1,0
607,10,53.9,78.7,10,0,1,0
608,5,58.0,69.7,13,0,0,0
609,4,57.5,76.8,16,0,1,0
610,6,61.0,80.4,11,0,1,0
611,1,54.4,73.9,11,0,0,0
612,4,33.6,73.0,13,1,1,0
613,8,54.0,90.4,12,1,1,0
614,14,66.0,82.2,8,1,1,0
615,4,58.9,83.3,15,0,0,1
616,1,37.7,83.4,21,1,0,1
617,1,55.4,78.5,6,1,1,0
618,5,56.9,82.2,7,0,1,0
619,2,61.2,79.6,6,0,0,0
620,4,49.1,84.6,5,1,1,0
621,1,41.6,88.4,15,0,0,1
622,7,71.4,77.5,12,1,1,0
623,7,59.4,74.6,7,1,1,0
624,2,32.9,74.2,8,0,0,0
625,4,44.7,82.4,9,0,1,0
626,5,30.8,65.5,11,1,0,0
627,4,50.3,82.4,10,1,1,0
628,2,37.2,87.8,8,1,0,0
629,10,50.7,80.8,12,1,1,0
630,5,61.9,88.7,5,1,1,0
631,6,45.3,74.8,12,1,1,0
632,5,56.1,82.8,13,1,1,0
633,10,49.0,78.2,11,0,1,0
634,4,46.7,71.0,13,0,0,0
635,10,56.0,79.1,7,0,1,0
636,7,45.6,79.4,15,1,1,0
637,7,63.8,80.9,13,1,0,0
638,4,54.7,76.1,7,1,1,0
639,3,40.8,77.0,9,0,1,0
640,4,36.7,91.5,14,0,0,0
641,3,58.0,82.5,11,0,0,0
642,7,57.3,84.2,8,0,0,0
643,6,56.6,80.5,15,0,1,1
644,6,54.8,70.3,8,0,1,0
645,4,54.0,83.8,15,0,0,0
646,7,49.0,93.9,18,1,1,1
647,6,46.3,84.8,8,0,1,0
648,6,42.3,77.3,12,1,1,1
649,7,38.6,82.2,11,0,1,0
650,6,71.6,69.9,9,0,1,0
651,6,47.3,91.6,15,1,1,0
652,5,49.3,81.9,14,1,1,1
653,1,42.7,77.8,12,0,0,0
654,3,42.2,69.8,13,0,0,0
655,7,40.6,84.9,13,1,1,0
656,6,58.5,73.1,11,0,0,0
657,6,48.0,80.0,9,0,1,0
658,5,54.0,91.1,6,1,0,0
659,4,55.3,61.4,8,0,0,0
660,5,46.2,83.1,6,0,0,0
661,4,31.9,81.7,7,0,0,0
662,3,43.5,72.1,7,1,0,0
663,2,55.8,90.9,8,0,1,0
664,4,55.3,81.5,9,0,0,0
665,7,46.5,79.1,5,0,0,0
666,3,35.2,82.9,12,0,1,0
667,3,54.9,87.2,11,0,1,0
668,8,53.0,77.4,11,0,1,0
669,4,38.1,82.7,7,0,0,0
670,6,47.3,87.4,9,0,1,0
671,3,50.2,75.6,11,1,0,0
672,7,62.6,90.4,6,0,1,0
673,6,59.4,81.9,12,0,1,0
674,6,53.8,77.6,12,1,0,0
675,9,56.7,87.9,16,0,1,0
676,6,60.8,92.4,12,1,0,0
677,3,41.6,74.5,14,0,0,0
678,6,61.6,76.7,12,0,0,0
679,0,43.9,80.0,8,1,1,0
680,3,45.5,80.4,13,0,0,0
681,7,43.9,78.6,13,1,1,1
682,4,48.1,76.5,13,1,1,0
683,6,54.6,73.3,14,0,1,1
684,4,56.1,85.8,13,0,0,0
685,7,57.7,85.1,8,0,1,0
686,6,51.5,74.3,10,0,0,0
687,5,66.4,81.0,14,0,1,0
688,9,55.8,83.8,10,0,1,0
689,5,55.5,77.1,13,1,1,1
690,10,45.8,75.2,11,1,1,0
691,8,57.3,87.9,7,0,1,0
692,6,47.6,83.8,10,1,1,0
693,3,60.5,67.9,11,1,1,0
694,6,60.6,73.6,15,1,1,0
695,7,54.6,84.9,14,0,1,0
696,4,55.7,77.5,14,0,0,0
697,5,49.4,91.5,16,0,0,0
698,5,57.7,81.3,14,0,0,1
699,4,66.7,73.2,14,1,0,1
700,3,41.1,78.0,14,1,0,0
701,5,42.7,87.1,11,1,1,0
702,4,55.4,77.1,9,0,1,0
703,8,42.8,90.4,10,1,1,1
704,10,46.4,85.0,18,1,1,0
705,4,58.6,78.4,14,0,1,0
706,6,47.9,72.8,11,1,1,1
707,6,52.5,85.0,9,0,0,0
708,3,69.3,86.2,13,1,1,0
709,6,55.6,82.1,14,0,0,1
710,6,46.2,76.3,9,1,0,0
711,9,54.1,72.5,15,0,0,0
712,4,49.2,81.4,10,1,0,0
713,10,62.1,75.0,16,1,1,0
714,7,60.4,79.2,11,1,1,0
715,7,50.2,82.1,9,0,0,0
716,10,52.9,81.3,11,1,1,0
717,4,42.2,83.8,6,1,0,0
718,7,51.3,82.3,12,0,1,0
719,3,53.5,79.0,10,0,0,0
720,4,53.7,79.3,16,0,0,0
721,2,42.0,85.4,9,1,1,0
722,8,52.1,84.8,15,0,1,1
723,4,60.0,89.3,14,1,1,0
724,3,41.4,83.6,10,0,0,0
725,4,47.0,80.7,15,1,1,0
726,1,42.2,79.4,10,1,1,0
727,5,40.6,77.9,6,1,1,0
728,3,60.2,86.3,8,0,1,0
729,1,59.8,88.1,11,0,0,0
730,6,61.1,82.2,7,1,1,0
731,5,52.5,84.0,13,0,0,1
732,4,56.9,89.6,17,1,1,1
733,1,55.5,90.4,9,1,1,0
734,9,55.1,75.3,7,0,1,0
735,7,50.1,81.4,4,1,1,0
736,11,46.5,73.1,11,1,1,0
737,5,63.0,86.2,11,0,1,0
738,5,42.0,83.1,12,0,1,0
739,2,42.1,80.5,14,1,1,0
740,4,42.2,77.3,9,0,0,0
741,4,41.6,71.8,10,1,0,0
742,6,54.6,91.1,10,0,1,0
743,4,56.0,82.4,12,1,1,0
744,4,48.4,75.8,12,0,1,1
745,7,45.6,86.9,12,0,0,0
746,3,59.6,86.2,10,0,1,0
747,1,43.9,78.5,11,1,0,0
748,2,57.1,79.1,16,1,0,1
749,4,44.4,83.8,6,0,1,0
750,6,73.3,81.9,11,1,1,0
751,15,59.3,85.5,15,1,1,0
752,2,52.6,88.5,11,0,0,0
753,5,40.7,83.6,10,0,1,0
754,4,56.3,79.0,8,1,0,0
755,6,39.0,88.3,13,0,1,0
756,10,58.2,75.3,9,0,1,0
757,4,47.8,79.7,13,0,1,0
758,8,62.0,79.1,10,0,1,0
759,4,48.6,88.1,11,0,1,1
760,5,51.6,74.9,9,0,1,0
761,2,47.8,83.6,15,1,0,0
762,7,50.3,75.0,9,1,1,0
763,4,54.9,71.2,8,0,1,0
764,6,38.5,76.0,20,1,1,1
765,8,39.4,81.1,12,0,1,1
766,4,53.9,81.5,14,1,0,0
767,11,53.4,79.2,13,1,1,0
768,5,57.2,79.0,7,0,1,0
769,3,43.7,73.8,7,0,0,0
770,10,53.7,83.0,12,0,1,1
771,6,48.7,74.9,18,0,1,0
772,3,52.4,81.7,11,1,1,0
773,5,53.4,80.2,5,1,1,0
774,5,44.7,77.3,12,0,1,0
775,3,54.5,79.2,13,1,1,0
776,8,40.0,86.5,13,1,0,1
777,4,39.9,88.1,9,0,0,0
778,5,44.1,79.6,8,1,0,0
779,4,66.3,87.8,12,0,1,0
780,2,74.7,85.1,10,0,0,0
781,5,44.9,86.9,12,0,1,0
782,4,47.0,75.7,14,0,0,0
783,7,54.1,86.0,13,1,1,0
784,2,49.9,69.3,17,1,0,0
785,6,57.0,84.1,7,0,1,0
786,4,47.0,88.5,12,1,0,0
787,6,63.7,76.8,7,0,1,0
788,5,41.3,80.2,9,0,1,0
789,8,67.3,77.8,14,1,1,0
790,3,43.1,74.7,8,1,0,0
791,8,67.9,81.3,9,0,1,0
792,6,46.1,85.1,14,1,1,1
793,7,67.7,68.6,7,0,0,0
794,11,33.9,80.7,14,0,1,1
795,6,41.8,91.6,16,1,1,1
796,10,25.0,81.8,15,1,0,0
797,4,44.4,80.9,9,1,1,0
798,9,45.0,82.8,18,1,0,0
799,7,59.5,73.0,11,1,0,0
800,6,57.1,72.9,13,1,1,1
