match_id,shots_on_target,possession_pct,pass_accuracy_pct,home_game,opponent_rank,kickoff_hour,won
1,1,38,88,1,18,18,0
2,10,55,86,0,2,12,0
3,8,64,82,0,8,19,1
4,5,61,90,0,10,13,0
5,5,43,72,1,16,12,0
6,11,49,91,0,3,13,1
7,1,51,89,1,9,16,0
8,9,42,81,0,4,18,1
9,2,43,86,1,16,16,0
10,1,42,81,1,13,13,0
11,6,65,76,0,10,13,1
12,12,58,88,0,8,20,1
13,9,61,75,1,4,21,1
14,9,60,77,0,19,19,1
15,9,64,81,0,13,13,0
16,10,38,89,1,7,20,1
17,6,62,78,0,9,18,1
18,1,37,81,0,15,17,1
19,10,49,70,0,15,13,1
20,5,53,72,0,10,21,0
21,6,46,71,1,7,16,0
22,4,39,71,1,14,12,0
23,2,40,89,0,14,14,0
24,12,60,89,0,12,16,1
25,10,44,88,1,2,12,1
26,8,44,71,0,10,15,1
27,5,63,71,0,13,16,1
28,10,39,76,0,20,21,1
29,7,63,83,0,11,12,1
30,5,63,77,1,7,17,1
31,5,53,81,0,12,21,0
32,2,40,73,0,4,20,0
33,1,39,86,1,2,21,0
34,7,43,77,0,14,13,0
35,11,52,71,1,20,20,1
36,0,39,87,0,17,21,0
37,11,49,90,0,12,15,1
38,10,38,70,0,1,16,0
39,3,51,80,1,20,17,0
40,8,35,89,1,9,16,1
41,2,56,86,0,6,14,0
42,9,36,89,0,18,21,1
43,9,41,79,0,15,21,1
44,4,40,78,1,15,15,0
45,0,60,86,0,6,20,0
46,12,36,73,1,20,15,1
47,5,48,75,1,10,19,0
48,11,53,83,1,11,17,1
49,8,50,85,0,16,16,1
50,10,56,72,0,14,13,1
51,9,59,81,0,4,18,1
52,2,47,78,1,7,15,0
53,4,60,81,1,8,14,0
54,6,44,92,1,19,13,1
55,6,65,71,0,15,21,1
56,0,50,92,0,8,13,0
57,7,57,80,1,15,19,0
58,2,62,87,1,15,20,0
59,9,59,79,1,8,12,1
60,8,61,77,1,9,17,0
61,11,51,87,0,18,17,0
62,9,36,85,0,12,15,1
63,4,50,73,0,3,18,1
64,12,40,86,1,15,16,1
65,5,62,87,1,12,16,0
66,4,42,78,0,11,16,0
67,11,42,91,1,15,20,1
68,4,42,84,1,19,18,1
69,0,54,77,1,7,15,0
70,6,52,70,1,9,21,1
71,10,64,85,0,4,20,1
72,2,47,74,0,13,21,0
73,6,43,87,1,9,19,0
74,1,36,82,1,7,15,0
75,8,35,80,0,14,19,1
76,6,46,73,0,9,15,0
77,4,63,86,1,10,14,0
78,2,51,73,1,9,16,1
79,7,62,79,0,6,21,0
80,8,38,89,1,3,17,0
81,12,37,91,0,17,15,1
82,5,60,92,0,2,16,0
83,2,38,92,1,7,14,0
84,10,36,82,0,14,18,1
85,8,47,74,1,3,15,1
86,9,63,89,0,14,17,0
87,1,56,88,1,15,15,0
88,4,38,92,0,14,15,0
89,9,60,84,1,7,21,1
90,10,61,73,0,1,15,1
91,5,59,81,1,18,12,1
92,10,62,80,0,7,15,1
93,10,42,89,0,17,17,0
94,5,65,79,0,4,12,0
95,11,44,77,1,4,15,1
96,3,59,71,0,16,13,1
97,3,52,89,1,19,17,1
98,8,59,87,1,18,19,1
99,8,54,70,1,16,21,1
100,1,54,79,1,5,15,0
101,10,54,81,0,19,20,1
102,2,59,80,1,14,14,0
103,10,57,91,1,4,19,1
104,0,39,73,0,3,17,0
105,10,60,77,0,18,19,1
106,10,51,74,1,6,19,1
107,10,45,75,0,16,17,0
108,8,50,90,1,3,14,1
109,6,64,91,0,6,17,0
110,9,61,71,0,6,20,1
111,3,60,84,1,6,21,0
112,10,49,75,0,14,21,1
113,7,59,74,1,19,13,1
114,5,46,76,1,19,17,1
115,6,56,74,0,15,13,0
116,7,54,81,0,5,18,0
117,0,42,92,1,20,21,0
118,1,43,83,1,11,12,0
119,3,36,86,0,11,18,1
120,1,39,81,1,15,21,0
121,5,48,70,0,16,20,0
122,8,49,71,0,20,15,1
123,8,40,76,1,12,13,0
124,6,47,75,0,13,21,0
125,11,53,89,1,15,21,1
126,7,42,89,1,6,17,0
127,1,45,89,1,7,21,0
128,9,46,84,1,13,12,1
129,7,50,82,0,2,18,0
130,8,46,84,0,7,12,1
131,7,57,79,1,15,21,1
132,7,45,85,1,20,18,0
133,1,48,88,0,11,21,0
134,7,46,87,1,8,17,0
135,10,40,84,0,9,12,0
136,3,56,71,1,14,12,0
137,7,42,86,0,11,15,0
138,0,44,78,1,1,19,0
139,4,59,87,0,11,13,0
140,5,64,82,0,9,20,1
141,12,55,90,1,15,14,1
142,2,63,77,0,18,16,0
143,3,61,91,0,20,14,0
144,5,49,89,1,13,16,1
145,12,58,77,0,8,16,1
146,11,45,81,0,9,12,1
147,0,49,82,0,4,17,0
148,3,51,87,1,19,19,1
149,10,64,85,1,17,21,1
150,0,61,89,1,18,15,1
151,11,50,78,0,7,20,1
152,3,55,81,0,7,20,0
153,11,41,79,0,18,21,1
154,3,59,90,1,11,15,0
155,5,52,77,0,15,20,1
156,8,51,83,0,10,17,1
157,1,58,72,1,9,12,0
158,7,54,89,1,13,14,0
159,6,37,78,1,17,18,1
160,10,43,77,0,7,13,1
161,12,40,83,1,17,16,1
162,8,57,81,1,5,19,1
163,5,36,89,0,9,13,0
164,5,41,82,1,19,16,1
165,5,53,81,1,20,14,0
166,10,56,72,0,19,17,1
167,4,50,70,1,7,14,1
168,2,61,79,1,17,21,0
169,4,63,92,1,19,12,1
170,0,39,91,1,20,21,1
171,1,64,84,1,1,19,0
172,1,54,84,1,15,20,0
173,10,54,79,0,20,20,1
174,9,37,74,1,16,13,1
175,9,54,70,1,5,21,1
176,6,57,77,1,16,17,0
177,9,53,77,0,3,21,0
178,2,37,74,0,10,20,0
179,11,51,75,1,13,17,1
180,6,64,70,1,10,15,1
181,12,57,83,1,14,13,1
182,1,39,91,0,5,13,0
183,6,64,85,0,13,15,0
184,9,64,80,1,13,20,1
185,6,40,79,0,13,17,0
186,5,59,77,1,6,16,0
187,2,47,73,0,7,14,0
188,4,53,83,0,6,17,0
189,3,48,83,1,10,18,0
190,3,59,70,0,12,21,0
191,8,65,79,1,8,19,1
192,8,59,76,1,9,18,0
193,7,63,73,1,6,21,1
194,4,64,86,0,5,16,0
195,12,37,82,0,14,21,1
196,1,42,84,1,17,15,0
197,4,57,86,0,6,13,0
198,1,53,92,0,18,16,0
199,4,36,88,0,12,13,1
200,12,37,84,1,4,13,1
201,4,51,90,0,8,20,1
202,11,54,80,0,1,19,0
203,6,40,92,1,1,14,0
204,9,40,87,0,7,20,0
205,5,39,84,1,10,12,0
206,3,52,90,1,16,14,1
207,9,35,81,1,3,19,1
208,12,52,86,1,17,15,1
209,3,49,76,0,5,19,0
210,10,49,92,0,3,20,1
211,3,56,84,0,14,12,1
212,9,51,87,0,16,12,1
213,10,57,80,1,13,21,0
214,5,58,89,1,3,17,1
215,9,63,71,1,3,17,1
216,3,59,72,1,8,16,1
217,1,51,81,1,10,16,0
218,1,50,86,0,20,18,0
219,5,42,88,0,6,17,0
220,11,53,80,1,4,13,1
221,1,39,84,0,19,18,0
222,5,63,82,1,4,18,0
223,9,61,92,1,1,13,1
224,2,38,85,1,9,15,0
225,9,59,79,1,9,19,1
226,3,38,92,1,13,18,0
227,10,57,72,1,18,13,1
228,7,37,92,1,19,12,0
229,7,50,73,0,6,17,0
230,2,55,76,0,20,16,0
231,6,57,88,1,13,21,0
232,11,47,86,1,2,17,1
233,0,63,92,1,19,21,1
234,9,59,87,1,3,14,1
235,6,41,84,1,12,16,0
236,9,55,77,1,16,13,1
237,8,57,70,1,5,17,0
238,5,45,72,0,6,13,0
239,4,57,76,0,10,16,0
240,8,62,70,0,18,15,1
241,1,60,81,0,5,13,0
242,7,58,87,1,14,12,1
243,1,54,92,0,10,17,0
244,8,43,81,0,3,21,1
245,8,59,90,0,15,13,1
246,1,46,92,1,17,16,0
247,9,51,89,1,12,14,1
248,5,44,80,0,4,20,0
249,10,44,77,1,4,16,1
250,0,39,92,1,9,21,0
251,2,64,75,1,11,14,0
252,6,39,79,1,12,12,1
253,2,37,71,1,5,17,0
254,4,64,88,0,11,18,1
255,8,52,84,1,6,21,1
256,1,48,71,0,14,20,0
257,8,57,75,0,16,20,1
258,1,46,82,1,14,18,1
259,2,38,82,1,1,15,0
260,7,57,88,1,20,16,0
261,10,40,76,0,1,13,1
262,2,52,91,0,20,16,0
263,3,64,80,0,1,15,0
264,12,64,88,1,11,12,1
265,12,46,75,1,3,14,1
266,7,59,70,1,2,17,1
267,5,53,71,1,14,15,0
268,4,49,78,0,15,21,0
269,7,39,91,0,3,16,0
270,7,46,71,0,20,21,0
271,3,55,78,0,7,18,0
272,0,65,72,0,7,12,0
273,1,35,91,0,6,14,0
274,12,57,85,0,10,19,1
275,5,61,87,1,4,17,1
276,6,64,86,0,9,15,1
277,6,48,85,0,5,17,1
278,10,38,87,0,2,21,1
279,0,43,70,0,8,15,0
280,1,61,89,1,14,12,0
281,3,62,87,0,16,15,0
282,6,54,87,0,8,21,1
283,8,38,79,0,7,19,0
284,6,38,88,1,16,20,1
285,5,49,78,1,14,21,1
286,12,53,71,0,17,13,1
287,2,36,90,0,19,14,0
288,7,56,75,0,17,12,1
289,7,51,72,0,19,12,0
290,6,35,84,1,9,20,0
291,10,37,75,1,8,21,1
292,3,49,89,1,7,13,0
293,12,57,80,0,5,19,1
294,4,60,70,0,15,17,1
295,7,48,91,0,15,12,0
296,6,44,81,0,17,21,1
297,11,65,76,1,4,20,1
298,5,49,85,0,10,17,0
299,3,44,82,0,5,19,0
300,0,48,70,1,18,15,0
301,4,35,87,0,6,19,0
302,10,44,79,0,3,16,1
303,0,50,86,0,12,21,0
304,11,63,90,0,18,12,1
305,7,57,84,0,19,13,1
306,1,59,85,0,2,21,0
307,3,51,75,0,7,14,0
308,7,38,75,0,4,15,0
309,4,47,79,0,7,19,0
310,1,65,89,1,11,13,0
311,8,36,82,0,6,17,0
312,8,62,78,1,2,14,1
313,1,56,87,1,11,13,0
314,3,43,89,0,2,21,0
315,3,59,90,1,5,13,1
316,8,60,76,0,1,12,0
317,9,36,86,0,2,18,1
318,9,38,83,0,9,20,1
319,12,55,80,0,18,13,1
320,9,65,79,0,16,19,1
321,4,35,72,0,2,17,0
322,1,55,76,1,1,20,0
323,7,39,82,0,7,13,0
324,11,55,90,1,14,21,1
325,12,54,89,1,15,18,1
326,2,37,74,1,17,20,0
327,3,56,85,0,7,15,0
328,0,62,71,1,4,21,0
329,1,61,85,1,1,18,1
330,7,35,77,1,3,13,0
331,7,42,80,0,2,21,0
332,4,42,86,1,18,19,1
333,4,49,79,1,6,15,0
334,10,39,88,0,17,17,1
335,5,61,82,0,12,15,0
336,10,59,92,0,11,17,1
337,12,60,84,1,10,21,1
338,4,41,76,0,17,20,0
339,2,35,87,0,1,14,0
340,12,63,79,1,2,21,1
341,8,43,82,0,9,16,1
342,3,55,73,0,8,19,0
343,8,63,72,1,11,19,1
344,6,36,83,1,15,16,0
345,11,35,74,1,12,16,1
346,3,35,92,1,6,16,0
347,12,39,89,0,7,20,1
348,12,36,86,1,16,15,1
349,2,60,86,1,5,14,0
350,2,53,83,0,11,15,0
351,6,65,71,0,11,13,1
352,0,59,79,0,16,15,1
353,3,64,81,0,15,13,0
354,5,42,91,0,10,12,1
355,12,43,75,0,7,19,1
356,12,61,81,1,8,12,0
357,1,42,77,0,9,17,0
358,11,36,73,1,5,19,1
359,1,55,72,1,13,19,0
360,9,59,78,1,5,16,1
361,10,65,71,1,13,13,1
362,11,63,71,0,16,21,0
363,2,38,78,1,20,20,1
364,11,58,74,0,3,18,1
365,1,61,82,1,16,12,0
366,6,56,70,0,2,12,1
367,6,60,76,0,7,15,1
368,4,60,80,1,4,13,0
369,0,48,92,0,4,20,0
370,10,36,84,1,4,14,0
371,4,49,90,0,1,14,0
372,8,41,77,0,17,21,1
373,5,38,80,1,2,20,1
374,4,38,79,1,8,14,1
375,11,56,90,0,14,15,1
376,1,50,92,0,20,17,0
377,9,51,92,0,18,18,1
378,9,58,87,1,3,21,1
379,4,51,81,1,20,20,1
380,3,54,82,0,14,21,0
381,0,37,92,0,4,12,0
382,12,61,76,0,9,14,1
383,12,48,77,0,19,17,1
384,3,39,90,1,8,12,0
385,0,60,78,1,4,15,0
386,1,57,75,0,18,13,0
387,0,36,82,1,20,21,0
388,10,40,77,0,20,12,1
389,11,35,90,0,20,13,1
390,1,43,90,0,18,13,0
391,9,38,77,0,10,13,1
392,2,57,82,0,4,17,0
393,4,51,92,1,13,15,1
394,7,65,87,1,5,21,1
395,9,58,74,0,10,14,1
396,11,53,83,1,14,17,1
397,0,50,84,1,19,18,0
398,2,36,85,1,6,18,0
399,3,37,70,1,6,19,0
400,4,54,76,0,15,14,0
401,12,35,89,1,1,17,1
402,10,36,75,1,12,20,1
403,4,41,76,1,15,20,1
404,12,62,77,0,12,18,1
405,6,49,74,0,8,18,0
406,6,56,73,0,17,20,1
407,5,47,77,0,8,18,0
408,1,40,90,0,15,21,0
409,12,46,70,0,10,13,1
410,0,37,76,1,1,15,0
411,2,58,71,0,11,13,0
412,2,40,82,1,1,12,0
413,3,46,75,0,19,16,1
414,1,65,88,1,13,14,0
415,0,53,83,0,8,16,0
416,8,49,88,1,10,16,1
417,12,51,84,0,13,18,1
418,1,59,80,0,6,21,0
419,3,42,89,0,6,20,0
420,6,54,80,1,9,15,0
421,12,62,91,0,6,15,1
422,9,52,92,1,16,19,1
423,9,48,83,1,3,13,1
424,7,39,85,0,17,17,1
425,5,42,75,0,7,16,0
426,2,64,88,0,12,13,0
427,11,51,85,0,4,18,1
428,10,44,90,0,8,15,1
429,0,47,76,0,16,13,0
430,9,52,88,1,6,18,1
431,1,51,80,0,3,13,0
432,9,56,74,0,11,18,1
433,10,42,73,1,4,13,1
434,1,55,82,1,7,16,0
435,5,48,77,0,10,20,1
436,1,64,72,0,12,14,0
437,7,39,79,0,13,19,1
438,12,39,85,1,14,19,1
439,1,49,77,1,17,21,0
440,5,50,91,0,2,13,0
441,12,56,87,0,8,19,1
442,3,47,81,0,1,21,0
443,1,63,91,1,1,19,0
444,6,49,79,0,5,13,0
445,6,39,73,0,12,20,1
446,8,38,70,0,18,13,0
447,4,65,91,0,16,17,0
448,12,39,92,1,13,16,1
449,6,64,87,0,16,17,1
450,3,43,72,0,4,17,0
451,12,37,76,1,17,12,1
452,12,44,70,1,18,17,1
453,6,54,71,0,2,21,1
454,0,48,75,0,10,16,1
455,7,59,83,1,17,14,0
456,7,53,71,0,10,21,0
457,1,47,92,1,17,12,0
458,8,54,80,1,19,16,1
459,10,65,76,1,10,17,1
460,1,47,81,0,2,16,0
461,9,39,88,1,7,21,1
462,1,47,77,1,5,16,0
463,9,61,71,0,10,21,1
464,5,41,71,1,12,12,0
465,0,64,89,1,10,19,0
466,12,53,72,1,4,17,1
467,2,53,84,0,7,14,0
468,7,44,78,0,14,14,0
469,2,63,87,1,1,19,0
470,12,36,71,0,5,18,1
471,9,44,90,1,18,18,1
472,10,47,86,1,2,12,0
473,5,49,80,1,9,17,1
474,6,49,74,0,5,21,0
475,8,39,92,1,3,12,1
476,10,41,76,0,9,16,1
477,11,37,81,1,11,16,1
478,0,52,79,0,4,20,0
479,8,45,75,0,2,14,1
480,1,52,79,1,3,16,0
481,3,53,73,1,14,19,1
482,10,56,70,1,18,12,1
483,3,51,76,0,4,20,0
484,10,55,72,1,7,20,1
485,6,53,79,1,7,19,0
486,3,55,89,1,8,18,1
487,4,54,73,1,5,19,0
488,6,44,70,0,2,19,0
489,9,42,72,0,11,21,0
490,7,59,81,1,8,16,1
491,12,45,76,1,7,16,1
492,11,52,81,0,6,18,1
493,9,41,70,0,19,13,1
494,7,48,77,1,13,20,1
495,3,51,79,1,9,19,0
496,5,54,79,0,5,18,1
497,1,51,82,1,17,15,0
498,4,46,87,1,18,15,1
499,12,64,80,0,1,16,1
500,5,50,89,0,19,18,1
